"Site"	"Sector"	"FullID"	"Succession"	"PlantID"	"FullIDOld"	"SectorPlant"	"Leaf"	"SampleVolume_mL"	"SampleColor"	"PotentialVolume_mL"	"pH"	"PitcherLength"	"CanopyCover"	"KeelWidth"	"PitcherWidth"	"MouthWidth"	"Comments"	"MeanTemperature"	"Distance"	"Altitude"	"Age_d"	"prey.items"	"prey"	"mb.leaf.prok"	"mb.leaf.euk"	"mb.moss.prok"	"mb.moss.euk"
"1"	"CB"	"1"	"CB1a01L"	"Late"	"CB-1a"	"CB-1-3-1-L"	"1a"	"1"	0.195937745504051	"clear"	0.26291956561958	-1.27870241355734	-0.0507680950200403	-1.06724909456535	0.81447650227733	0.641394326020586	0.650978423856062	""	1.8346742044514	-0.592043158575919	-1.64674849810203	1.38639742001192	-0.339756169577331	0.705324590614257	-0.178418628900985	-0.821616243826498	-0.993930039004255	-0.648836913696427
"2"	"CB"	"1"	"CB1a02L"	"Late"	"CB-1a"	"CB-1-3-2-L"	"1a"	"2"	-0.493074106817887	"green"	-0.895624389247325	-1.27870241355734	-0.897848414162612	-1.06724909456535	-1.13092384252711	-0.38036639246896	-0.592063419807428	""	1.8346742044514	-0.592043158575919	-1.64674849810203	1.38639742001192	-0.748485396136527	0.856141251284642	-0.175655344874712	0.438189142626387	-0.993930039004255	-0.648836913696427
"3"	"CB"	"1"	"CB1a04L"	"Late"	"CB-1a"	"CB-1-3-4-L"	"1a"	"4"	0.540443671665021	"cloudy"	0.702367272638061	-1.27870241355734	0.342519196010439	-1.06724909456535	0.195485483475918	-0.124926212846573	0.754565244161352	""	1.8346742044514	-0.592043158575919	-1.64674849810203	1.38639742001192	-0.0332092496579346	-0.495919856900296	0.270511072703115	-0.250408215962611	-0.993930039004255	-0.648836913696427
"4"	"CB"	"1"	"CB1a05L"	"Late"	"CB-1a"	"CB-1-3-5-L"	"1a"	"5"	-0.378238798097564	"green"	-0.216477932946036	-0.121605705035712	0.372772064551246	-1.06724909456535	-0.158223670124889	-0.124926212846573	0.236631142634898	""	1.8346742044514	-0.592043158575919	-1.64674849810203	1.38639742001192	-0.646303089496728	0.450164120252479	0.145258283993323	-0.271656049454569	-0.993930039004255	-0.648836913696427
"5"	"CB"	"1"	"CB1a06E"	"Early"	"CB-1a"	"CB-1-3-6-E"	"1a"	"6"	-0.378238798097564	"brown"	0.103120399431041	1.03549100348592	0.6450478814185	-1.06724909456535	-0.0697963817246876	0.513674236209393	0.650978423856062	""	1.8346742044514	-0.592043158575919	-1.64674849810203	-1.0247285278349	-0.544120782856929	0.0961313175693883	1.86396021553994	1.53492859083429	-0.993930039004255	-0.648836913696427
"6"	"CB"	"1"	"CB1a07E"	"Early"	"CB-1a"	"CB-1-3-7-E"	"1a"	"7"	-0.493074106817887	"clear"	0.78226685573233	1.03549100348592	0.100496247683991	-1.06724909456535	-0.158223670124889	0.641394326020586	0.340217962940189	""	1.8346742044514	-0.592043158575919	-1.64674849810203	-1.0247285278349	-0.799576549456427	1.29386600401137	-0.276382810400751	0.728893719398571	-0.993930039004255	-0.648836913696427
"7"	"CB"	"1"	"CB1a08E"	"Early"	"CB-1a"	"CB-1-3-8-E"	"1a"	"8"	-0.378238798097564	"cloudy"	1.70111206131643	1.03549100348592	0.705553618500114	-1.06724909456535	0.991331079077734	1.66315504451013	1.15164805533163	""	1.8346742044514	-0.592043158575919	-1.64674849810203	-1.0247285278349	-0.748485396136527	0.789086850237582	0.761550679141098	0.631321841414322	-0.993930039004255	-0.648836913696427
"8"	"CB"	"1"	"CB1a14E"	"Early"	"CB-1a"	"CB-1-3-14-E"	"1a"	"14"	-0.837580032978857	"brown"	-0.216477932946036	0.456942649225103	-0.534813991672938	-1.06724909456535	-0.246650958525091	0.513674236209393	0.219366672584017	""	1.8346742044514	-0.592043158575919	-1.64674849810203	-1.0247285278349	-0.646303089496728	0.305707317480023	1.20023903647908	1.38599475212512	-0.993930039004255	-0.648836913696427
"9"	"CB"	"2"	"CB2a01E"	"Early"	"CB-2a"	"CB-2-10-1-E"	"2a"	"1"	-1.18208595913983	"green"	-0.775775014605921	1.03549100348592	-1.3213885737339	-1.14472626588847	-1.21935113092731	0.00279387696462015	-0.799237060418009	""	1.8346742044514	-0.592143965231029	-1.64674849810203	-1.0247285278349	-0.595211936176829	0.741769624031572	1.19032817971161	1.29538836708122	-1.44781510462395	-0.265820406806142
"10"	"CB"	"2"	"CB2a04L"	"Late"	"CB-2a"	"CB-2-10-4-L"	"2a"	"4"	-1.0672506504195	"brown"	-0.376277099134575	1.03549100348592	-0.928101282703418	-1.14472626588847	-0.688787400526099	-0.252646302657766	0.0985153822278439	""	1.8346742044514	-0.592143965231029	-1.64674849810203	1.38639742001192	-0.390847322897231	0.231735159845967	1.16329536638044	1.17756706283595	-1.44781510462395	-0.265820406806142
"11"	"CB"	"2"	"CB2a06E"	"Early"	"CB-2a"	"CB-2-10-6-E"	"2a"	"6"	-1.18208595913983	"green"	-0.0566787667574974	2.19258771200755	-0.716331202917775	-1.14472626588847	-0.158223670124889	0.769114415831779	-0.350360839095082	""	1.8346742044514	-0.592143965231029	-1.64674849810203	-1.0247285278349	-0.186482709617633	-0.345815651295505	1.55360351413849	0.272559237313851	-1.44781510462395	-0.265820406806142
"12"	"CB"	"2"	"CB2a08L"	"Late"	"CB-2a"	"CB-2-10-8-L"	"2a"	"8"	-0.837580032978857	"brown"	0.742317064185196	-0.700154059296527	0.342519196010439	-1.14472626588847	1.07975836747794	0.641394326020586	0.668242893906943	""	1.8346742044514	-0.592143965231029	-1.64674849810203	1.38639742001192	-0.544120782856929	0.622049301082624	0.870838565115123	0.0237514034529483	-1.44781510462395	-0.265820406806142
"13"	"CB"	"2"	"CB2a09L"	"Late"	"CB-2a"	"CB-2-10-9-L"	"2a"	"9"	-1.18208595913983	"green"	0.103120399431041	2.19258771200755	-0.323043911887296	-1.14472626588847	-0.600360112125898	0.769114415831779	0.340217962940189	"broken mouth"	1.8346742044514	-0.592143965231029	-1.64674849810203	1.38639742001192	-0.339756169577331	-0.116162052143858	1.23625477853214	-0.241420858195635	-1.44781510462395	-0.265820406806142
"14"	"CB"	"2"	"CB2a10E"	"Early"	"CB-2a"	"CB-2-10-10-E"	"2a"	"10"	-1.18208595913983	"green"	0.0631706078839065	2.19258771200755	0.342519196010439	-1.14472626588847	0.0186309066755147	1.15227468526536	0.0294575020243166	"broken mouth"	1.8346742044514	-0.592143965231029	-1.64674849810203	-1.0247285278349	-0.748485396136527	1.32365234004187	0.674001795185054	-0.0831549230974132	-1.44781510462395	-0.265820406806142
"15"	"CB"	"2"	"CB2a11E"	"Early"	"CB-2a"	"CB-2-10-11-E"	"2a"	"11"	-1.0672506504195	"green"	-0.216477932946036	1.61403935774673	-0.837342677081	-1.14472626588847	-0.600360112125898	0.513674236209393	-0.471212129451255	""	1.8346742044514	-0.592143965231029	-1.64674849810203	-1.0247285278349	-0.44193847621713	0.603345539754029	1.78787716231493	1.45092194903232	-1.44781510462395	-0.265820406806142
"16"	"CB"	"2"	"CB2b16L"	"Late"	"CB-2b"	"CB-2-15-16-L"	"2b"	"16"	-0.378238798097564	"brown"	0.742317064185196	2.19258771200755	0.372772064551246	-1.2016897879116	0.637621925476927	1.27999477507655	0.202102202533135	""	1.8346742044514	-0.592160924940844	-1.64674849810203	1.38639742001192	0.835340356780357	-1.2393241751401	1.86394124627964	1.7235409559025	-1.44781510462395	-0.265820406806142
"17"	"CB"	"3"	"CB3a06L"	"Late"	"CB-3a"	"CB-3-14_1-6-L"	"3a"	"6"	-0.95241534169918	"green"	1.06191539656227	1.03549100348592	0.796312224122531	-1.26436096442316	0.372340060276321	1.27999477507655	1.11711911522987	""	1.8346742044514	-0.592373629566634	-1.64674849810203	1.38639742001192	0.784249203460457	-0.270847030177438	1.02843932028574	-0.862768245489858	-1.01683131183548	-0.186808731335124
"18"	"CB"	"3"	"CB3a07E"	"Early"	"CB-3a"	"CB-3-14_1-7-E"	"3a"	"7"	-0.95241534169918	"green"	-0.975523972341594	-0.121605705035712	-0.534813991672938	-1.26436096442316	-0.600360112125898	-1.01896684152493	-1.26537775179182	""	1.8346742044514	-0.592373629566634	-1.64674849810203	-1.0247285278349	0.0689730569818644	0.384845438664743	-0.332287405324663	-0.682102590452303	-1.01683131183548	-0.186808731335124
"19"	"CB"	"3"	"CB3a08E"	"Early"	"CB-3a"	"CB-3-14_1-8-E"	"3a"	"8"	-0.837580032978857	"green"	-0.615975848417383	-0.121605705035712	-1.04911275686664	-1.26436096442316	-0.954069265726705	0.258234056587006	-0.505741069553019	""	1.8346742044514	-0.592373629566634	-1.64674849810203	-1.0247285278349	-0.0843004029778341	0.899481716935685	1.01930433241598	-1.13121447958818	-1.01683131183548	-0.186808731335124
"20"	"CB"	"3"	"CB3a10E"	"Early"	"CB-3a"	"CB-3-14_1-10-E"	"3a"	"10"	-0.95241534169918	"brown"	0.342819148713849	0.456942649225103	-0.0507680950200403	-1.26436096442316	0.0186309066755147	1.15227468526536	1.22070593553516	""	1.8346742044514	-0.592373629566634	-1.64674849810203	-1.0247285278349	-0.288665016257432	0.186939525527301	1.61900307705556	0.501110189774218	-1.01683131183548	-0.186808731335124
"21"	"CB"	"3"	"CB3a14L"	"Late"	"CB-3a"	"CB-3-14_1-14-L"	"3a"	"14"	-0.378238798097564	"green"	1.14181497965654	-0.121605705035712	0.766059355581726	-1.26436096442316	0.549194637076725	1.66315504451013	1.27249934568781	""	1.8346742044514	-0.592373629566634	-1.64674849810203	1.38639742001192	0.0689730569818644	0.390204092164761	0.255563852638308	0.0571463348555239	-1.01683131183548	-0.186808731335124
"22"	"CB"	"3"	"CB3b01E"	"Early"	"CB-3b"	"CB-3-13-1-E"	"3b"	"1"	-1.18208595913983	"brown"	-1.33507209626581	NA	-1.23062996811148	-1.27944951638762	-1.83834214972872	-1.65756729058089	-1.40349351219887	""	1.8346742044514	-0.592398778363687	-1.64674849810203	-1.0247285278349	-0.44193847621713	0.565906407552024	0.87767044801922	-0.886143714740219	-1.01683131183548	-0.186808731335124
"23"	"CB"	"3"	"CB3b03L"	"Late"	"CB-3b"	"CB-3-13-3-L"	"3b"	"3"	-1.0672506504195	"cloudy"	-0.0566787667574974	-0.121605705035712	0.342519196010439	-1.27944951638762	-0.335078246925293	0.385954146398199	0.979003354822816	""	1.8346742044514	-0.592398778363687	-1.64674849810203	1.38639742001192	-0.186482709617633	-0.312909608070733	0.827592518220302	0.467751322358348	-1.01683131183548	-0.186808731335124
"24"	"CB"	"3"	"CB3c16L"	"Late"	"CB-3c"	"CB-3-14_2-16-L"	"3c"	"16"	-0.837580032978857	"cloudy"	0.742317064185196	1.03549100348592	1.09884090953059	-1.27944951638762	0.460767348676524	0.641394326020586	0.581920543652534	""	1.8346742044514	-0.592423778294865	-1.64674849810203	1.38639742001192	-0.288665016257432	0.233177036494302	1.27737496712578	0.975633911622303	-1.01683131183548	-0.186808731335124
"25"	"CB"	"4"	"CB4a01L"	"Late"	"CB-4a"	"CB-4-6-1-L"	"4a"	"1"	-0.378238798097564	"green"	0.982015813468003	-0.121605705035712	1.40136959493865	-1.34630253876198	0.195485483475918	1.27999477507655	1.8422268573669	"broken leaves, damaged keel"	1.8346742044514	-0.592605203810634	-1.64674849810203	1.38639742001192	-0.799576549456427	0.81507300200146	0.412742080991922	0.107394259329261	-2.22665650543403	-1.03172362478698
"26"	"CB"	"4"	"CB4a03E"	"Early"	"CB-4a"	"CB-4-6-3-E"	"4a"	"3"	-0.837580032978857	"cloudy"	-0.0566787667574974	1.03549100348592	0.463530670173664	-1.34630253876198	-0.600360112125898	0.513674236209393	0.668242893906943	""	1.8346742044514	-0.592605203810634	-1.64674849810203	-1.0247285278349	-0.646303089496728	0.840767508933648	0.472791912628538	1.27867139515521	-2.22665650543403	-1.03172362478698
"27"	"CB"	"4"	"CB4a04L"	"Late"	"CB-4a"	"CB-4-6-4-L"	"4a"	"4"	-0.837580032978857	"brown"	-0.376277099134575	1.03549100348592	-0.171779569183265	-1.34630253876198	-0.600360112125898	0.385954146398199	0.357482432991071	""	1.8346742044514	-0.592605203810634	-1.64674849810203	1.38639742001192	-0.44193847621713	-0.0632170726087155	0.296884739861872	1.68153616672468	-2.22665650543403	-1.03172362478698
"28"	"CB"	"4"	"CB4a05E"	"Early"	"CB-4a"	"CB-4-6-5-E"	"4a"	"5"	-0.95241534169918	"green"	-0.93557418079446	1.03549100348592	-0.837342677081	-1.34630253876198	-1.83834214972872	-0.252646302657766	-0.678385770061837	""	1.8346742044514	-0.592605203810634	-1.64674849810203	-1.0247285278349	-0.544120782856929	0.441499950382983	0.850076486659856	1.5512155035297	-2.22665650543403	-1.03172362478698
"29"	"CB"	"4"	"CB4a06L"	"Late"	"CB-4a"	"CB-4-6-6-L"	"4a"	"6"	0.0811024367837283	"brown"	0.342819148713849	1.03549100348592	0.705553618500114	-1.34630253876198	-0.158223670124889	0.258234056587006	0.322953492889308	""	1.8346742044514	-0.592605203810634	-1.64674849810203	1.38639742001192	-0.697394242816628	0.487246119603875	1.5054442156156	1.52183282712957	-2.22665650543403	-1.03172362478698
"30"	"CB"	"4"	"CB4a09E"	"Early"	"CB-4a"	"CB-4-6-9-E"	"4a"	"9"	-0.837580032978857	"cloudy"	-0.0566787667574974	1.03549100348592	0.826565092663338	-1.34630253876198	-0.511932823725696	0.513674236209393	0.409275843143716	""	1.8346742044514	-0.592605203810634	-1.64674849810203	-1.0247285278349	-0.44193847621713	0.154913953986114	0.631508684574768	1.55386650609223	-2.22665650543403	-1.03172362478698
"31"	"CB"	"4"	"CB4a10L"	"Late"	"CB-4a"	"CB-4-6-10-L"	"4a"	"10"	-0.837580032978857	"brown"	0.582517897996657	1.03549100348592	1.34086385785704	-1.34630253876198	0.28391277187612	1.02455459545417	0.694139598983266	""	1.8346742044514	-0.592605203810634	-1.64674849810203	1.38639742001192	0.171155363621663	-0.540410270974705	1.6456095818149	1.64867106787786	-2.22665650543403	-1.03172362478698
"32"	"CB"	"4"	"CB4a11E"	"Early"	"CB-4a"	"CB-4-6-11-E"	"4a"	"11"	-0.837580032978857	"green"	0.222969774072445	1.03549100348592	0.735806487040919	-1.34630253876198	-0.335078246925293	0.896834505642972	0.426540313194598	""	1.8346742044514	-0.592605203810634	-1.64674849810203	-1.0247285278349	0.784249203460457	-1.10369244490347	0.531750697262534	1.44225842636916	-2.22665650543403	-1.03172362478698
"33"	"LE"	"1"	"LE1a08E"	"Early"	"LE-1a"	"LE-1-9B-8-E"	"1a"	"8"	0.770114289105667	"clear"	-0.136578349851767	-1.27870241355734	-0.0205152264792343	1.45242606063823	-0.158223670124889	-0.252646302657766	-0.00507143807744697	"broken mouth"	-0.102409739425255	1.24035942056399	-0.155879797041356	-1.17542389957533	-0.237573862937533	-0.273097547015242	-0.86132136386869	-0.688512364781834	-0.0572141445965142	-0.851588770175665
"34"	"LE"	"1"	"LE1a09E"	"Early"	"LE-1a"	"LE-1-9B-9-E"	"1a"	"9"	0.195937745504051	"clear"	-0.456176682228844	-1.27870241355734	-0.0205152264792343	1.45242606063823	-1.04249655412691	-0.635806572091346	-0.592063419807428	""	-0.102409739425255	1.24035942056399	-0.155879797041356	-1.17542389957533	-0.544120782856929	0.175708100968731	-0.323294137928852	-0.525859329173077	-0.0572141445965142	-0.851588770175665
"35"	"LE"	"1"	"LE1a10L"	"Late"	"LE-1a"	"LE-1-9B-10-L"	"1a"	"10"	5.36352663791859	"clear"	1.06191539656227	-1.27870241355734	1.28035812077543	1.45242606063823	1.43346752107874	0.641394326020586	1.25523487563692	""	-0.102409739425255	1.24035942056399	-0.155879797041356	0.934311304790645	0.0689730569818644	-0.782305728372825	-0.921760196037565	0.28755219402373	-0.0572141445965142	-0.851588770175665
"36"	"LE"	"1"	"LE1a11E"	"Early"	"LE-1a"	"LE-1-9B-11-E"	"1a"	"11"	0.770114289105667	"clear"	1.54131289512789	0.456942649225103	1.37111672639785	1.45242606063823	0.81447650227733	1.53543495469894	1.44514404619662	"broken mouth"	-0.102409739425255	1.24035942056399	-0.155879797041356	-1.17542389957533	-0.288665016257432	0.285174354728069	-0.345989837311652	-0.25087463190683	-0.0572141445965142	-0.851588770175665
"37"	"LE"	"1"	"LE1a12L"	"Late"	"LE-1a"	"LE-1-9B-12-L"	"1a"	"12"	1.9184673763089	"cloudy"	5.25664350901141	-0.700154059296527	3.21654170738702	1.45242606063823	2.93673142388217	3.06807603243326	2.77450824011452	""	-0.102409739425255	1.24035942056399	-0.155879797041356	0.934311304790645	-0.0332092496579346	-0.635672263730692	-0.0718004521075334	-0.219345990487296	-0.0572141445965142	-0.851588770175665
"38"	"LE"	"1"	"LE1a13L"	"Late"	"LE-1a"	"LE-1-9B-13-L"	"1a"	"13"	-0.378238798097564	"cloudy"	0.662417481090926	-0.700154059296527	0.977829435367368	1.45242606063823	0.28391277187612	0.641394326020586	1.1861769954334	""	-0.102409739425255	1.24035942056399	-0.155879797041356	0.934311304790645	-0.0843004029778341	-0.457392806877311	-0.868662196944226	-0.0460644496509414	-0.0572141445965142	-0.851588770175665
"39"	"LE"	"1"	"LE1a15L"	"Late"	"LE-1a"	"LE-1-9B-15-L"	"1a"	"15"	0.770114289105667	"brown"	0.662417481090926	-1.27870241355734	0.917323698285756	1.45242606063823	0.195485483475918	0.896834505642972	0.720036304059589	""	-0.102409739425255	1.24035942056399	-0.155879797041356	0.934311304790645	0.0689730569818644	-0.813221384729981	-0.399836563417888	-0.788942193789381	-0.0572141445965142	-0.851588770175665
"40"	"LE"	"1"	"LE1a16E"	"Early"	"LE-1a"	"LE-1-9B-16-E"	"1a"	"16"	-0.607909415538211	"clear"	0.26291956561958	1.03549100348592	0.191254853306408	1.45242606063823	0.107058195075716	0.896834505642972	0.184837732482253	""	-0.102409739425255	1.24035942056399	-0.155879797041356	-1.17542389957533	-0.697394242816628	1.0025339105384	-1.82360460592733	0.0175087998026068	-0.0572141445965142	-0.851588770175665
"41"	"LE"	"2"	"LE2a09L"	"Late"	"LE-2a"	"LE-2-7C-9-L"	"2a"	"9"	-0.378238798097564	"clear"	1.74106185286356	-0.700154059296527	1.28035812077543	1.21208294638787	1.43346752107874	1.79087513432132	1.01353229492458	""	-0.102409739425255	1.24054035619717	-0.155879797041356	0.934311304790645	-0.697394242816628	1.19983754811919	-1.02925847349975	0.488603641726723	-0.16825318322543	0.577686780240838
"42"	"LE"	"2"	"LE2a10E"	"Early"	"LE-2a"	"LE-2-7C-10-E"	"2a"	"10"	0.770114289105667	"clear"	0.822216647279465	-0.121605705035712	0.705553618500114	1.21208294638787	0.726049213877129	0.513674236209393	-0.0223359081283284	""	-0.102409739425255	1.24054035619717	-0.155879797041356	-1.17542389957533	-0.595211936176829	0.184441891020511	-1.52278449120001	0.3450090596643	-0.16825318322543	0.577686780240838
"43"	"LE"	"2"	"LE2a11E"	"Early"	"LE-2a"	"LE-2-7C-11-E"	"2a"	"11"	0.540443671665021	"clear"	0.542568106449522	-0.121605705035712	0.705553618500114	1.21208294638787	0.28391277187612	0.513674236209393	0.599185013703416	""	-0.102409739425255	1.24054035619717	-0.155879797041356	-1.17542389957533	-0.595211936176829	0.272370608677306	-0.63684611636082	0.900547260082741	-0.16825318322543	0.577686780240838
"44"	"LE"	"2"	"LE2a12L"	"Late"	"LE-2a"	"LE-2-7C-12-L"	"2a"	"12"	0.310773054224375	"cloudy"	-0.256427724493171	-0.700154059296527	-0.202032437724071	1.21208294638787	-0.158223670124889	0.513674236209393	0.236631142634898	""	-0.102409739425255	1.24054035619717	-0.155879797041356	0.934311304790645	-0.544120782856929	0.245004145650381	-1.70522043651327	0.792688760962952	-0.16825318322543	0.577686780240838
"45"	"LE"	"2"	"LE2a13E"	"Early"	"LE-2a"	"LE-2-7C-13-E"	"2a"	"13"	0.310773054224375	"clear"	-0.296377516040305	-0.700154059296527	-0.323043911887296	1.21208294638787	-0.246650958525091	0.130513966775813	-0.402154249247728	""	-0.102409739425255	1.24054035619717	-0.155879797041356	-1.17542389957533	-0.799576549456427	1.44174577524051	-0.966486742771279	0.698019949555466	-0.16825318322543	0.577686780240838
"46"	"LE"	"2"	"LE2a14L"	"Late"	"LE-2a"	"LE-2-7C-14-L"	"2a"	"14"	0.195937745504051	"clear"	1.06191539656227	-2.43579912207897	1.00808230390817	1.21208294638787	0.726049213877129	0.258234056587006	1.42787957614574	""	-0.102409739425255	1.24054035619717	-0.155879797041356	0.934311304790645	1.39734304329925	0.378377392074981	-1.97214703175375	0.470736484060242	-0.16825318322543	0.577686780240838
"47"	"LE"	"2"	"LE2a15E"	"Early"	"LE-2a"	"LE-2-7C-15-E"	"2a"	"15"	-0.148568180656918	"clear"	0.542568106449522	-0.121605705035712	0.0702433791431843	1.21208294638787	0.28391277187612	0.769114415831779	0.73730077411047	""	-0.102409739425255	1.24054035619717	-0.155879797041356	-1.17542389957533	-0.595211936176829	0.257403292644985	-1.32577008348409	0.850205414861642	-0.16825318322543	0.577686780240838
"48"	"LE"	"2"	"LE2a16L"	"Late"	"LE-2a"	"LE-2-7C-16-L"	"2a"	"16"	-0.607909415538211	"clear"	-0.895624389247325	-0.121605705035712	-0.534813991672938	1.21208294638787	-1.30777841932751	-1.4021271109585	-0.315831898993319	""	-0.102409739425255	1.24054035619717	-0.155879797041356	0.934311304790645	-0.850667702776326	1.07173641693151	-1.74538623554124	0.542546331816662	-0.16825318322543	0.577686780240838
"49"	"LE"	"3"	"LE3a03E"	"Early"	"LE-3a"	"LE-3-5C-3-E"	"3a"	"3"	0.770114289105667	"clear"	1.38151372893935	-0.121605705035712	1.55263393764268	0.993666267201965	0.726049213877129	1.15227468526536	1.30702828578957	""	-0.102409739425255	1.24073208578591	-0.155879797041356	-1.17542389957533	-0.390847322897231	-0.0413310966904414	-0.852202053464844	0.657303563703857	-0.0393870769854744	-0.217166894028312
"50"	"LE"	"3"	"LE3a05L"	"Late"	"LE-3a"	"LE-3-5C-5-L"	"3a"	"5"	1.80363206758858	"brown"	1.7810116444107	-1.27870241355734	2.18794417699961	0.993666267201965	1.34504023267854	1.15227468526536	1.63505321675632	""	-0.102409739425255	1.24073208578591	-0.155879797041356	0.934311304790645	-0.186482709617633	0.18470493111071	-1.80158668547678	0.551968398114364	-0.0393870769854744	-0.217166894028312
"51"	"LE"	"3"	"LE3a06E"	"Early"	"LE-3a"	"LE-3-5C-6-E"	"3a"	"6"	-0.493074106817887	"clear"	0.103120399431041	1.03549100348592	0.161001984765603	0.993666267201965	-0.511932823725696	0.258234056587006	0.512862663449007	""	-0.102409739425255	1.24073208578591	-0.155879797041356	-1.17542389957533	-0.748485396136527	0.884108896068297	-1.32718417847546	0.586638049531239	-0.0393870769854744	-0.217166894028312
"52"	"LE"	"3"	"LE3a10L"	"Late"	"LE-3a"	"LE-3-5C-10-L"	"3a"	"10"	0.0811024367837283	"clear"	1.86091122750497	-1.27870241355734	1.73415114888752	0.993666267201965	0.991331079077734	1.15227468526536	1.59189204162912	""	-0.102409739425255	1.24073208578591	-0.155879797041356	0.934311304790645	-0.288665016257432	-0.137060911807129	-0.394995279054975	-0.653959406446614	-0.0393870769854744	-0.217166894028312
"53"	"LE"	"3"	"LE3a11L"	"Late"	"LE-3a"	"LE-3-5C-11-L"	"3a"	"11"	-0.378238798097564	"cloudy"	3.37900330629608	-0.121605705035712	2.76274867927493	0.993666267201965	1.87560396307975	2.04631531394371	2.73997930001276	""	-0.102409739425255	1.24073208578591	-0.155879797041356	0.934311304790645	-0.186482709617633	-0.405699488779836	-0.480875103135806	-0.543432842095512	-0.0393870769854744	-0.217166894028312
"54"	"LE"	"3"	"LE3a12E"	"Early"	"LE-3a"	"LE-3-5C-12-E"	"3a"	"12"	-0.607909415538211	"clear"	0.342819148713849	1.03549100348592	0.675300749959307	0.993666267201965	0.372340060276321	0.00279387696462015	-0.0913937883318556	""	-0.102409739425255	1.24073208578591	-0.155879797041356	-1.17542389957533	-0.697394242816628	0.628686208919299	-0.149978385231269	0.0468597807449912	-0.0393870769854744	-0.217166894028312
"55"	"LE"	"3"	"LE3a14L"	"Late"	"LE-3a"	"LE-3-5C-14-L"	"3a"	"14"	0.655278980385344	"clear"	2.65990705844766	-2.43579912207897	2.127438439918	0.993666267201965	2.31774040508076	2.55719567318848	2.0321360279266	""	-0.102409739425255	1.24073208578591	-0.155879797041356	0.934311304790645	-0.901758856096226	1.55767806662312	-0.842215099479085	0.0192189994841764	-0.0393870769854744	-0.217166894028312
"56"	"LE"	"3"	"LE3a15E"	"Early"	"LE-3a"	"LE-3-5C-15-E"	"3a"	"15"	-0.837580032978857	"brown"	0.0631706078839065	1.03549100348592	0.524036407255276	0.993666267201965	-0.0697963817246876	0.641394326020586	0.288424552787544	""	-0.102409739425255	1.24073208578591	-0.155879797041356	-1.17542389957533	-0.901758856096226	1.55767806662344	-0.457673624396017	0.188630588450239	-0.0393870769854744	-0.217166894028312
"57"	"LE"	"4"	"LE4a16L"	"Late"	"LE-4a"	"LE-4-2B-16-L"	"4a"	"16"	-0.378238798097564	"cloudy"	1.30161414584508	-0.700154059296527	1.82490975450994	0.596786490249161	1.61032209787915	0.769114415831779	1.49693745634927	""	-0.102409739425255	1.24109163134449	-0.155879797041356	0.934311304790645	0.0178819036619649	-0.534779752703373	-0.0343316852952216	-1.29804388765126	0.405312265817243	-0.0893436313277935
"58"	"LE"	"4"	"LE4b01L"	"Late"	"LE-4b"	"LE-4-10B-1-L"	"4b"	"1"	-0.378238798097564	"brown"	-1.05542355543586	0.456942649225103	0.0399905106023783	0.624590114093783	0.28391277187612	-0.38036639246896	0.0467219720751988	""	-0.102409739425255	1.24109985935468	-0.155879797041356	0.934311304790645	0.886431510100256	-1.48340320656443	1.04325971894334	-0.163128656133479	0.405312265817243	-0.0893436313277935
"59"	"LE"	"4"	"LE4b02E"	"Early"	"LE-4b"	"LE-4-10B-2-E"	"4b"	"2"	-0.378238798097564	"clear"	0.502618314902388	-2.43579912207897	0.282013458928827	0.624590114093783	0.726049213877129	0.513674236209393	0.581920543652534	""	-0.102409739425255	1.24109985935468	-0.155879797041356	-1.17542389957533	-0.44193847621713	-0.0296828500663102	-1.09985234245477	-0.0450216591704547	0.405312265817243	-0.0893436313277935
"60"	"LE"	"4"	"LE4b03E"	"Early"	"LE-4b"	"LE-4-10B-3-E"	"4b"	"3"	-0.378238798097564	"clear"	-1.13532313853013	1.03549100348592	-1.23062996811148	0.624590114093783	-0.865641977326503	-1.14668693133612	-1.2826422218427	""	-0.102409739425255	1.24109985935468	-0.155879797041356	-1.17542389957533	0.273337670261462	-0.916322924891519	-0.801339314248102	0.116036026311035	0.405312265817243	-0.0893436313277935
"61"	"LE"	"4"	"LE4b04L"	"Late"	"LE-4b"	"LE-4-10B-4-L"	"4b"	"4"	-0.378238798097564	"brown"	-0.296377516040305	-0.121605705035712	-0.111273832101652	0.624590114093783	0.0186309066755147	-0.38036639246896	0.305689022838426	""	-0.102409739425255	1.24109985935468	-0.155879797041356	0.934311304790645	1.85716342317835	-2.30217223635461	-0.372776432710595	1.57047552649542	0.405312265817243	-0.0893436313277935
"62"	"LE"	"4"	"LE4b05E"	"Early"	"LE-4b"	"LE-4-10B-5-E"	"4b"	"5"	-0.378238798097564	"cloudy"	1.22171456275081	-0.121605705035712	1.58288680618349	0.624590114093783	1.69874938627935	0.769114415831779	2.65365694975835	""	-0.102409739425255	1.24109985935468	-0.155879797041356	-1.17542389957533	0.630975743500759	-1.00401816860476	-0.605491328045151	-0.632653465201319	0.405312265817243	-0.0893436313277935
"63"	"LE"	"4"	"LE4b07E"	"Early"	"LE-4b"	"LE-4-10B-7-E"	"4b"	"7"	-0.378238798097564	"brown"	-0.85567459770019	1.03549100348592	-0.625572597295357	0.624590114093783	-0.865641977326503	-0.763526661902539	-0.540270009654782	""	-0.102409739425255	1.24109985935468	-0.155879797041356	-1.17542389957533	-0.0332092496579346	-0.610102126738187	-0.0310936052171195	0.629804221507346	0.405312265817243	-0.0893436313277935
"64"	"LE"	"4"	"LE4b10L"	"Late"	"LE-4b"	"LE-4-10B-10-L"	"4b"	"10"	-1.0672506504195	"cloudy"	-0.85567459770019	NA	-0.565066860213744	0.624590114093783	0.195485483475918	-0.891246751713732	-0.7129147101636	""	-0.102409739425255	1.24109985935468	-0.155879797041356	0.934311304790645	-0.44193847621713	-0.00478600876112545	-0.821352163177815	0.83626095543179	0.405312265817243	-0.0893436313277935
"65"	"LM"	"1"	"LM1a09L"	"Late"	"LM-1a"	"LM-1-2-9-L"	"1a"	"9"	-0.378238798097564	"cloudy"	-0.496126473775979	0.456942649225103	-0.534813991672938	-0.835382694901763	-0.0255827375245861	0.00279387696462015	0.271160082736662	""	-1.06177826488983	-1.01226087351888	1.34928980283046	0.783615933050218	0.0178819036619649	-0.620887221793751	0.569281135549664	-0.877838663370278	-1.17886612330679	0.767786977943862
"66"	"LM"	"1"	"LM1a10E"	"Early"	"LM-1a"	"LM-1-2-10-E"	"1a"	"10"	0.770114289105667	"clear"	-0.176528141398901	-0.121605705035712	-0.776836939999388	-0.835382694901763	0.195485483475918	0.641394326020586	-0.0396003781792106	""	-1.06177826488983	-1.01226087351888	1.34928980283046	-0.723337784354048	0.222246516941563	-0.729482877809014	-0.0525513797340973	-0.608465104758178	-1.17886612330679	0.767786977943862
"67"	"LM"	"1"	"LM1a11L"	"Late"	"LM-1a"	"LM-1-2-11-L"	"1a"	"11"	-0.607909415538211	"clear"	-1.01547376388873	-0.700154059296527	-1.17012423102987	-0.835382694901763	-1.21935113092731	-1.4021271109585	-0.730179180214482	""	-1.06177826488983	-1.01226087351888	1.34928980283046	0.783615933050218	-0.44193847621713	0.211826451717947	-0.842995396516432	-1.25689853855636	-1.17886612330679	0.767786977943862
"68"	"LM"	"1"	"LM1a12E"	"Early"	"LM-1a"	"LM-1-2-12-E"	"1a"	"12"	-0.378238798097564	"cloudy"	-0.256427724493171	1.03549100348592	-0.171779569183265	-0.835382694901763	0.460767348676524	-0.252646302657766	0.495598193398125	""	-1.06177826488983	-1.01226087351888	1.34928980283046	-0.723337784354048	0.171155363621663	-0.510994024487119	0.749319903193425	-0.268572674257155	-1.17886612330679	0.767786977943862
"69"	"LM"	"1"	"LM1a13L"	"Late"	"LM-1a"	"LM-1-2-13-L"	"1a"	"13"	-0.378238798097564	"brown"	-0.815724806153056	1.03549100348592	-0.867595545621806	-0.835382694901763	-0.688787400526099	-0.891246751713732	-0.488476599502137	""	-1.06177826488983	-1.01226087351888	1.34928980283046	0.783615933050218	-0.237573862937533	-0.336695261399165	1.20111552179466	-0.0349432331795682	-1.17886612330679	0.767786977943862
"70"	"LM"	"1"	"LM1a14E"	"Early"	"LM-1a"	"LM-1-2-14-E"	"1a"	"14"	0.195937745504051	"clear"	0.26291956561958	1.03549100348592	-0.413802517509714	-0.835382694901763	0.107058195075716	0.769114415831779	0.288424552787544	"stem cut"	-1.06177826488983	-1.01226087351888	1.34928980283046	-0.723337784354048	-0.0843004029778341	-0.419101367617087	0.562336698555153	-0.309473376361984	-1.17886612330679	0.767786977943862
"71"	"LM"	"1"	"LM1a15E"	"Early"	"LM-1a"	"LM-1-2-15-E"	"1a"	"15"	0.195937745504051	"brown"	-0.376277099134575	1.03549100348592	-0.625572597295357	-0.835382694901763	-0.158223670124889	-0.252646302657766	-0.143187198484501	""	-1.06177826488983	-1.01226087351888	1.34928980283046	-0.723337784354048	0.579884590180859	-0.872283912090847	0.761724610075341	0.527898016137932	-1.17886612330679	0.767786977943862
"72"	"LM"	"1"	"LM1a16L"	"Late"	"LM-1a"	"LM-1-2-16-L"	"1a"	"16"	1.9184673763089	"clear"	0.18301998252531	-0.700154059296527	-0.0810209635608464	-0.835382694901763	0.107058195075716	0.385954146398199	0.495598193398125	""	-1.06177826488983	-1.01226087351888	1.34928980283046	0.783615933050218	0.426611130221161	-0.855553154808364	0.173254355342234	-0.382818577085261	-1.17886612330679	0.767786977943862
"73"	"LM"	"2"	"LM2b01L"	"Late"	"LM-2b"	"LM-2-8C-1-L"	"2b"	"1"	-0.378238798097564	"brown"	-0.576026056870248	2.19258771200755	-0.716331202917775	-1.0353201362885	0.81447650227733	-0.508086482280153	-0.695650240112718	""	-1.06177826488983	-1.01211125317193	1.34928980283046	0.783615933050218	1.85716342317835	-1.43997153388287	1.64471360699691	0.237464399496948	0.62014949252281	0.200868097106372
"74"	"LM"	"2"	"LM2b02E"	"Early"	"LM-2b"	"LM-2-8C-2-E"	"2b"	"2"	0.0811024367837283	"brown"	-0.376277099134575	1.03549100348592	0.372772064551246	-1.0353201362885	NA	0.00279387696462015	-0.574798949756546	"keel missing"	-1.06177826488983	-1.01211125317193	1.34928980283046	-0.723337784354048	1.29516073665945	-1.12736020515851	0.772053530857623	-0.134704372228403	0.62014949252281	0.200868097106372
"75"	"LM"	"2"	"LM2b03L"	"Late"	"LM-2b"	"LM-2-8C-3-L"	"2b"	"3"	-0.378238798097564	"brown"	1.14181497965654	2.19258771200755	1.40136959493865	-1.0353201362885	1.96403125147995	1.53543495469894	0.92720994467017	""	-1.06177826488983	-1.01211125317193	1.34928980283046	0.783615933050218	3.08335110285593	-1.85070730605301	1.12443380965836	-0.194504717866981	0.62014949252281	0.200868097106372
"76"	"LM"	"2"	"LM2b04E"	"Early"	"LM-2b"	"LM-2-8C-4-E"	"2b"	"4"	0.540443671665021	"brown"	0.143070190978176	1.03549100348592	0.826565092663338	-1.0353201362885	1.25661294427834	0.896834505642972	0.236631142634898	"broken mouth"	-1.06177826488983	-1.01211125317193	1.34928980283046	-0.723337784354048	3.54317148273503	-1.92365539313266	1.16266934213386	-0.234924664703577	0.62014949252281	0.200868097106372
"77"	"LM"	"2"	"LM2b05L"	"Late"	"LM-2b"	"LM-2-8C-5-L"	"2b"	"5"	0.770114289105667	"green"	-0.296377516040305	1.03549100348592	0.00973764206157225	-1.0353201362885	2.14088582828036	0.130513966775813	-0.5230055396039	""	-1.06177826488983	-1.01211125317193	1.34928980283046	0.783615933050218	2.47025726301714	-1.64373936045367	0.949446259273571	0.587301246115519	0.62014949252281	0.200868097106372
"78"	"LM"	"2"	"LM2b06E"	"Early"	"LM-2b"	"LM-2-8C-6-E"	"2b"	"6"	-0.378238798097564	"cloudy"	0.0232208163367719	-0.121605705035712	0.221507721847215	-1.0353201362885	1.25661294427834	0.385954146398199	-0.125922728433619	""	-1.06177826488983	-1.01211125317193	1.34928980283046	-0.723337784354048	1.60170765657885	-1.38662459208666	0.587858484575255	0.256136847149893	0.62014949252281	0.200868097106372
"79"	"LM"	"2"	"LM2b08L"	"Late"	"LM-2b"	"LM-2-8C-8-L"	"2b"	"8"	-1.0672506504195	"brown"	-0.216477932946036	-0.121605705035712	0.584542144336888	-1.0353201362885	0.549194637076725	0.385954146398199	-0.143187198484501	""	-1.06177826488983	-1.01211125317193	1.34928980283046	0.783615933050218	2.82789533625644	-1.70863990267293	1.34855333424535	0.365453241537492	0.62014949252281	0.200868097106372
"80"	"LM"	"2"	"LM2b16E"	"Early"	"LM-2b"	"LM-2-8C-16-E"	"2b"	"16"	-0.378238798097564	"cloudy"	-0.376277099134575	1.03549100348592	-0.44405538605052	-1.0353201362885	0.637621925476927	0.00279387696462015	-0.350360839095082	""	-1.06177826488983	-1.01211125317193	1.34928980283046	-0.723337784354048	3.44098917609523	-1.9962203950383	0.660169628427569	0.866607100971803	0.62014949252281	0.200868097106372
"81"	"LM"	"3"	"LM3a08L"	"Late"	"LM-3a"	"LM-3-7A-8-L"	"3a"	"8"	0.195937745504051	"brown"	-0.0566787667574974	1.03549100348592	-0.323043911887296	-0.932130264052155	0.637621925476927	0.322094101492603	-0.177716138586265	""	-1.06177826488983	-1.01216286736298	1.34928980283046	0.783615933050218	2.31698380305744	-1.75513594518675	1.64448684304318	-5.17197939356295	0.480459369257541	0.174509843049853
"82"	"LM"	"3"	"LM3a09E"	"Early"	"LM-3a"	"LM-3-7A-9-E"	"3a"	"9"	-0.378238798097564	"cloudy"	-0.536076265323113	1.03549100348592	-1.10961849394825	-0.932130264052155	-0.335078246925293	-0.124926212846573	-0.315831898993319	"broken mouth"	-1.06177826488983	-1.01216286736298	1.34928980283046	-0.723337784354048	1.14188727669975	-1.18660193296182	1.55898519315968	1.49444437603431	0.480459369257541	0.174509843049853
"83"	"LM"	"3"	"LM3a10L"	"Late"	"LM-3a"	"LM-3-7A-10-L"	"3a"	"10"	0.655278980385344	"brown"	-0.296377516040305	0.456942649225103	-0.534813991672938	-0.932130264052155	0.372340060276321	0.00279387696462015	-0.505741069553019	"folded mouth"	-1.06177826488983	-1.01216286736298	1.34928980283046	0.783615933050218	3.38989802277533	-1.93001713262877	1.60804247524445	-0.194458462688651	0.480459369257541	0.174509843049853
"84"	"LM"	"3"	"LM3a11E"	"Early"	"LM-3a"	"LM-3-7A-11-E"	"3a"	"11"	0.195937745504051	"cloudy"	-0.536076265323113	1.03549100348592	-1.26088283665229	-0.932130264052155	-0.0697963817246876	-0.124926212846573	-0.609327889858309	""	-1.06177826488983	-1.01216286736298	1.34928980283046	-0.723337784354048	0.886431510100256	-1.01282897206023	1.21855521837294	-1.29588896061314	0.480459369257541	0.174509843049853
"85"	"LM"	"3"	"LM3a12E"	"Early"	"LM-3a"	"LM-3-7A-12-E"	"3a"	"12"	0.195937745504051	"cloudy"	-0.376277099134575	-0.121605705035712	-0.746584071458581	-0.932130264052155	-0.0697963817246876	-0.891246751713732	-0.194980608637146	""	-1.06177826488983	-1.01216286736298	1.34928980283046	-0.723337784354048	0.375519976901261	-0.76294258169166	1.43574554752124	-1.46491752741547	0.480459369257541	0.174509843049853
"86"	"LM"	"3"	"LM3a13E"	"Early"	"LM-3a"	"LM-3-7A-13-E"	"3a"	"13"	0.195937745504051	"clear"	0.502618314902388	-0.121605705035712	-0.171779569183265	-0.932130264052155	0.902903790677532	1.15227468526536	0.25389561268578	""	-1.06177826488983	-1.01216286736298	1.34928980283046	-0.723337784354048	0.324428823581362	-0.84489604685879	0.816176719105826	-1.38345333512211	0.480459369257541	0.174509843049853
"87"	"LM"	"3"	"LM3b14L"	"Late"	"LM-3b"	"LM-3-7B-14-L"	"3b"	"14"	0.195937745504051	"cloudy"	-0.615975848417383	-0.121605705035712	-0.807089808540194	-0.921223557950504	0.549194637076725	-0.38036639246896	0.0639864421260802	""	-1.06177826488983	-1.01217399099963	1.34928980283046	0.783615933050218	1.19297843001965	-1.43651916516928	-0.188511623235019	-0.537245625977432	0.480459369257541	0.174509843049853
"88"	"LM"	"3"	"LM3b15L"	"Late"	"LM-3b"	"LM-3-7B-15-L"	"3b"	"15"	-0.378238798097564	"brown"	-0.296377516040305	-0.121605705035712	-0.413802517509714	-0.921223557950504	1.16818565587814	0.258234056587006	0.0121930319734352	""	-1.06177826488983	-1.01217399099963	1.34928980283046	0.783615933050218	2.52134841633704	-1.57383043695294	1.49576175813358	-1.10024732589197	0.480459369257541	0.174509843049853
"89"	"LM"	"4"	"LM4a06E"	"Early"	"LM-4a"	"LM-4-9A-6-E"	"4a"	"6"	-0.95241534169918	"cloudy"	-1.25517251317154	NA	-2.34998610412131	-1.09222714688105	-1.83834214972872	-0.891246751713732	-1.36896457209711	""	-1.06177826488983	-1.01189989649094	1.34928980283046	-0.723337784354048	0.47770228354106	-1.0198006611208	-0.969872053750141	0.165994837698553	0.681919861360882	0.647020284905477
"90"	"LM"	"4"	"LM4a07L"	"Late"	"LM-4a"	"LM-4-9A-7-L"	"4a"	"7"	-0.722744724258534	"brown"	-1.095373346983	2.19258771200755	-1.86594020746841	-1.09222714688105	-1.66148757292832	-1.01896684152493	-0.5230055396039	""	-1.06177826488983	-1.01189989649094	1.34928980283046	0.783615933050218	1.19297843001965	-1.62070501495719	1.78762001184407	1.19861811756657	0.681919861360882	0.647020284905477
"91"	"LM"	"4"	"LM4a08L"	"Late"	"LM-4a"	"LM-4-9A-8-L"	"4a"	"8"	-0.722744724258534	"brown"	-0.895624389247325	1.03549100348592	-1.65417012768277	-1.09222714688105	-1.30777841932751	-0.508086482280153	-0.471212129451255	""	-1.06177826488983	-1.01189989649094	1.34928980283046	0.783615933050218	1.80607226985845	-2.01197153009711	2.00809811655074	0.836780472641685	0.681919861360882	0.647020284905477
"92"	"LM"	"4"	"LM4b02L"	"Late"	"LM-4b"	"LM-4-9B-2-L"	"4b"	"2"	-0.95241534169918	"brown"	-0.895624389247325	2.19258771200755	-1.07936562540745	-1.16789595242566	-1.21935113092731	-0.635806572091346	-1.12726199138476	""	-1.06177826488983	-1.01189555102373	1.34928980283046	0.783615933050218	3.08335110285593	-1.94656859240929	1.21733343580737	0.767749980859414	0.681919861360882	0.647020284905477
"93"	"LM"	"4"	"LM4b03E"	"Early"	"LM-4b"	"LM-4-9B-3-E"	"4b"	"3"	-0.493074106817887	"cloudy"	-1.095373346983	-0.121605705035712	-1.56341152206035	-1.16789595242566	-1.39620570772771	-1.01896684152493	-1.092733051283	""	-1.06177826488983	-1.01189555102373	1.34928980283046	-0.723337784354048	0.120064210301764	-0.476021115980726	1.08336623789522	0.233968830232258	0.681919861360882	0.647020284905477
"94"	"LM"	"4"	"LM4b04E"	"Early"	"LM-4b"	"LM-4-9B-4-E"	"4b"	"4"	-0.722744724258534	"cloudy"	-1.05542355543586	-0.121605705035712	-1.65417012768277	-1.16789595242566	-1.57306028452812	-0.763526661902539	-0.609327889858309	""	-1.06177826488983	-1.01189555102373	1.34928980283046	-0.723337784354048	0.784249203460457	-1.18478724424997	1.19276311108253	-0.362705458387657	0.681919861360882	0.647020284905477
"95"	"LM"	"4"	"LM4c12E"	"Early"	"LM-4c"	"LM-4-9C-12-E"	"4c"	"12"	-0.378238798097564	"cloudy"	-0.536076265323113	2.19258771200755	-1.20037709957067	-1.13037236252153	-0.865641977326503	0.385954146398199	-0.695650240112718	""	-1.06177826488983	-1.01189859285139	1.34928980283046	-0.723337784354048	2.52134841633704	-2.23407264482683	0.935430584927574	0.580894353142733	0.681919861360882	0.647020284905477
"96"	"LM"	"4"	"LM4c15L"	"Late"	"LM-4c"	"LM-4-9C-15-L"	"4c"	"15"	-0.837580032978857	"brown"	-1.33507209626581	-0.121605705035712	-2.25922749849889	-1.13037236252153	-1.83834214972872	-1.72142733548649	-1.36896457209711	""	-1.06177826488983	-1.01189859285139	1.34928980283046	0.783615933050218	1.34625188997935	-1.20753196991618	1.06035462533587	1.19795363909364	0.681919861360882	0.647020284905477
"97"	"LT"	"1"	"LT1a16E"	"Early"	"LT-1a"	"LT-1-1A-16-E"	"1a"	"16"	0.770114289105667	"clear"	-0.0566787667574974	-0.700154059296527	1.46187533202027	0.23703472318643	-0.158223670124889	-0.252646302657766	-0.22950954873891	""	0.0112275716433079	-0.815017137127697	0.619943963462642	-0.572642412613621	-0.850667702776326	1.37000845534105	-0.282168081855884	-0.938708170871551	0.0036760002631647	1.36472972980945
"98"	"LT"	"1"	"LT1b01L"	"Late"	"LT-1b"	"LT-1-1B-1-L"	"1b"	"1"	0.770114289105667	"brown"	-0.376277099134575	-0.700154059296527	-0.141526700642458	0.122542564834389	0.549194637076725	-0.124926212846573	-0.177716138586265	""	0.0112275716433079	-0.815019732617146	0.619943963462642	0.783615933050218	0.579884590180859	-1.04094618226949	0.421488431826108	-0.408891359208026	0.0036760002631647	1.36472972980945
"99"	"LT"	"1"	"LT1b02E"	"Early"	"LT-1b"	"LT-1-1B-2-E"	"1b"	"2"	0.540443671665021	"cloudy"	-0.096628558304632	-1.27870241355734	-0.413802517509714	0.122542564834389	0.549194637076725	0.385954146398199	-0.505741069553019	""	0.0112275716433079	-0.815019732617146	0.619943963462642	-0.572642412613621	-0.748485396136527	0.798810862413998	-0.0708729721877267	0.130260749880056	0.0036760002631647	1.36472972980945
"100"	"LT"	"1"	"LT1b03L"	"Late"	"LT-1b"	"LT-1-1B-3-L"	"1b"	"3"	-0.378238798097564	"clear"	-0.85567459770019	-1.27870241355734	0.49378353871447	0.122542564834389	1.16818565587814	-0.252646302657766	0.133044322329607	""	0.0112275716433079	-0.815019732617146	0.619943963462642	0.783615933050218	-0.595211936176829	0.762863942532972	-0.120857208245819	-0.601193942992525	0.0036760002631647	1.36472972980945
"101"	"LT"	"1"	"LT1b04L"	"Late"	"LT-1b"	"LT-1-1B-4-L"	"1b"	"4"	0.0811024367837283	"clear"	1.54131289512789	0.456942649225103	1.03833517244898	0.122542564834389	1.34504023267854	1.15227468526536	1.04806123502634	"broken mouth"	0.0112275716433079	-0.815019732617146	0.619943963462642	0.783615933050218	-0.850667702776326	1.57768705887087	0.687352324912604	-1.17539497139741	0.0036760002631647	1.36472972980945
"102"	"LT"	"1"	"LT1b13E"	"Early"	"LT-1b"	"LT-1-1B-13-E"	"1b"	"13"	0.770114289105667	"cloudy"	-0.615975848417383	-0.121605705035712	-0.202032437724071	0.122542564834389	-0.335078246925293	-0.38036639246896	-1.93869208377621	""	0.0112275716433079	-0.815019732617146	0.619943963462642	-0.572642412613621	-0.850667702776326	1.07173641693151	-0.143248108929689	-0.886795106619193	0.0036760002631647	1.36472972980945
"103"	"LT"	"1"	"LT1c05E"	"Early"	"LT-1c"	"LT-1-1C-5-E"	"1c"	"5"	0.195937745504051	"cloudy"	0.143070190978176	-1.27870241355734	0.735806487040919	0.128306730753396	1.34504023267854	-0.508086482280153	-1.04093964113035	"mouth damaged"	0.0112275716433079	-0.815039191614417	0.619943963462642	-0.572642412613621	-0.697394242816628	0.445275967925325	-0.153803945965194	-0.522952539566	0.0036760002631647	1.36472972980945
"104"	"LT"	"1"	"LT1c09L"	"Late"	"LT-1c"	"LT-1-1C-9-L"	"1c"	"9"	0.310773054224375	"clear"	-0.096628558304632	-1.27870241355734	0.282013458928827	0.128306730753396	0.195485483475918	-0.508086482280153	0.0985153822278439	""	0.0112275716433079	-0.815039191614417	0.619943963462642	0.783615933050218	-0.697394242816628	0.534344491099564	-1.02240941547579	-0.163397642027454	0.0036760002631647	1.36472972980945
"105"	"LT"	"2"	"LT2a06E"	"Early"	"LT-2a"	"LT-2-3A-6-E"	"2a"	"6"	0.770114289105667	"green"	0.582517897996657	-1.27870241355734	0.221507721847215	-0.0258564518647515	0.637621925476927	1.27999477507655	0.0985153822278439	""	0.0112275716433079	-0.815103614882522	0.619943963462642	-0.572642412613621	-0.646303089496728	0.450164120252479	-0.329590830675038	1.01238938660454	-0.253331369481592	1.70373274329459
"106"	"LT"	"2"	"LT2a07L"	"Late"	"LT-2a"	"LT-2-3A-7-L"	"2a"	"7"	1.9184673763089	"clear"	0.742317064185196	-1.27870241355734	1.09884090953059	-0.0258564518647515	0.637621925476927	1.27999477507655	1.32429275584045	"hood damaged"	0.0112275716433079	-0.815103614882522	0.619943963462642	0.783615933050218	-0.697394242816628	0.445275967925325	-1.1384429320601	1.11682423323736	-0.253331369481592	1.70373274329459
"107"	"LT"	"2"	"LT2b10E"	"Early"	"LT-2b"	"LT-2-3B-10-E"	"2b"	"10"	0.770114289105667	"clear"	0.902116230373734	-0.121605705035712	0.463530670173664	-0.0765472050936658	0.28391277187612	1.02455459545417	0.392011373092834	"broken keel"	0.0112275716433079	-0.815115225660184	0.619943963462642	-0.572642412613621	-0.850667702776326	1.07173641693151	0.33930728387463	1.32521669354017	-0.253331369481592	1.70373274329459
"108"	"LT"	"2"	"LT2b11L"	"Late"	"LT-2b"	"LT-2-3B-11-L"	"2b"	"11"	0.540443671665021	"brown"	0.822216647279465	1.03549100348592	0.614795012877695	-0.0765472050936658	0.991331079077734	1.02455459545417	0.944474414721052	""	0.0112275716433079	-0.815115225660184	0.619943963462642	0.783615933050218	-0.186482709617633	-0.377650639871592	0.765617580102238	1.66070025444333	-0.253331369481592	1.70373274329459
"109"	"LT"	"2"	"LT2b12E"	"Early"	"LT-2b"	"LT-2-3B-12-E"	"2b"	"12"	-0.493074106817887	"cloudy"	-0.496126473775979	0.456942649225103	-0.413802517509714	-0.0765472050936658	0.0186309066755147	0.513674236209393	-0.0913937883318556	""	0.0112275716433079	-0.815115225660184	0.619943963462642	-0.572642412613621	-0.748485396136527	0.634513979720623	0.197118392111151	1.14005381998788	-0.253331369481592	1.70373274329459
"110"	"LT"	"2"	"LT2b13L"	"Late"	"LT-2b"	"LT-2-3B-13-L"	"2b"	"13"	-0.378238798097564	"green"	-0.376277099134575	1.03549100348592	0.0702433791431843	-0.0765472050936658	-0.246650958525091	-0.316506347563363	-0.592063419807428	""	0.0112275716433079	-0.815115225660184	0.619943963462642	0.783615933050218	-0.595211936176829	0.473291430725431	0.521999736940814	1.65663696996337	-0.253331369481592	1.70373274329459
"111"	"LT"	"2"	"LT2b14L"	"Late"	"LT-2b"	"LT-2-3B-14-L"	"2b"	"14"	-0.493074106817887	"cloudy"	0.26291956561958	-1.27870241355734	0.130749116224796	-0.0765472050936658	0.549194637076725	0.769114415831779	0.495598193398125	""	0.0112275716433079	-0.815115225660184	0.619943963462642	0.783615933050218	-0.544120782856929	0.258197779464324	-0.935337766540392	0.407235582485287	-0.253331369481592	1.70373274329459
"112"	"LT"	"2"	"LT2b15E"	"Early"	"LT-2b"	"LT-2-3B-15-E"	"2b"	"15"	-0.378238798097564	"cloudy"	0.18301998252531	-0.121605705035712	1.09884090953059	-0.0765472050936658	1.69874938627935	0.513674236209393	0.392011373092834	""	0.0112275716433079	-0.815115225660184	0.619943963462642	-0.572642412613621	-0.697394242816628	0.487246119603875	0.252183750820503	1.57804576734081	-0.253331369481592	1.70373274329459
"113"	"LT"	"3"	"LT3a02E"	"Early"	"LT-3a"	"LT-3-5A-2-E"	"3a"	"2"	1.68879675886825	"cloudy"	0.662417481090926	-0.121605705035712	0.766059355581726	0.532137413667356	0.549194637076725	-0.316506347563363	0.754565244161352	""	0.0112275716433079	-0.815217220834628	0.619943963462642	-0.572642412613621	-0.186482709617633	-0.341265247419553	0.0652584415268261	1.4582764458769	-0.407508696606758	1.5845873311016
"114"	"LT"	"3"	"LT3a03L"	"Late"	"LT-3a"	"LT-3-5A-3-L"	"3a"	"3"	0.195937745504051	"clear"	-0.536076265323113	-1.27870241355734	-0.413802517509714	0.532137413667356	-0.688787400526099	0.00279387696462015	-0.264038488840674	""	0.0112275716433079	-0.815217220834628	0.619943963462642	0.783615933050218	-0.49302962953703	0.0908682195038487	-1.29021742143049	0.892344058553672	-0.407508696606758	1.5845873311016
"115"	"LT"	"3"	"LT3a06E"	"Early"	"LT-3a"	"LT-3-5A-6-E"	"3a"	"6"	-0.263403489377241	"clear"	-1.01547376388873	-0.121605705035712	-1.07936562540745	0.532137413667356	-1.21935113092731	-0.955106796619329	-0.661121300010955	""	0.0112275716433079	-0.815217220834628	0.619943963462642	-0.572642412613621	-0.799576549456427	0.877319708256548	-0.602755084274503	1.47323580161957	-0.407508696606758	1.5845873311016
"116"	"LT"	"3"	"LT3a07L"	"Late"	"LT-3a"	"LT-3-5A-7-L"	"3a"	"7"	2.83714984607148	"clear"	0.462668523355253	-1.27870241355734	0.1458755504952	0.532137413667356	0.902903790677532	0.641394326020586	1.1861769954334	""	0.0112275716433079	-0.815217220834628	0.619943963462642	0.783615933050218	-0.697394242816628	0.740297564604102	-0.738764477283634	1.12948278296979	-0.407508696606758	1.5845873311016
"117"	"LT"	"3"	"LT3a08E"	"Early"	"LT-3a"	"LT-3-5A-8-E"	"3a"	"8"	1.34429083270728	"cloudy"	0.18301998252531	-0.700154059296527	-0.111273832101652	0.532137413667356	-0.423505535325494	0.769114415831779	0.322953492889308	""	0.0112275716433079	-0.815217220834628	0.619943963462642	-0.572642412613621	-0.595211936176829	0.257403292644985	-0.921730781197113	1.52982665030741	-0.407508696606758	1.5845873311016
"118"	"LT"	"3"	"LT3a09L"	"Late"	"LT-3a"	"LT-3-5A-9-L"	"3a"	"9"	0.195937745504051	"clear"	-0.296377516040305	-0.700154059296527	0.0702433791431843	0.532137413667356	-0.511932823725696	-0.252646302657766	0.115779852278726	""	0.0112275716433079	-0.815217220834628	0.619943963462642	0.783615933050218	-0.697394242816628	0.487246119603875	-0.914604105803844	-0.293401551057047	-0.407508696606758	1.5845873311016
"119"	"LT"	"3"	"LT3a12E"	"Early"	"LT-3a"	"LT-3-5A-12-E"	"3a"	"12"	0.195937745504051	"clear"	1.30161414584508	0.456942649225103	0.0399905106023783	0.532137413667356	0.460767348676524	1.79087513432132	0.167573262431371	"broken mouth"	0.0112275716433079	-0.815217220834628	0.619943963462642	-0.572642412613621	-0.850667702776326	1.07173641693151	-0.36611968274539	1.7041756986208	-0.407508696606758	1.5845873311016
"120"	"LT"	"3"	"LT3a14L"	"Late"	"LT-3a"	"LT-3-5A-14-L"	"3a"	"14"	0.770114289105667	"clear"	-0.0566787667574974	-0.121605705035712	-0.0507680950200403	0.532137413667356	0.107058195075716	-1.4021271109585	1.15164805533163	""	0.0112275716433079	-0.815217220834628	0.619943963462642	0.783615933050218	-0.646303089496728	0.362521773056732	-1.22324228813691	0.733456125155545	-0.407508696606758	1.5845873311016
"121"	"LT"	"4"	"LT4a04L"	"Late"	"LT-4a"	"LT-4-6A-4-L"	"4a"	"4"	0.770114289105667	"clear"	1.54131289512789	0.456942649225103	1.73415114888752	-0.24930264837214	1.96403125147995	0.258234056587006	0.530127133499889	""	0.0112275716433079	-0.815317328376855	0.619943963462642	0.783615933050218	0.324428823581362	-0.619882435207518	-0.0506136750550604	0.807135064674743	0.0218644632268531	1.34997084945088
"122"	"LT"	"4"	"LT4a05L"	"Late"	"LT-4a"	"LT-4-6A-5-L"	"4a"	"5"	0.770114289105667	"brown"	0.862166438826599	-0.121605705035712	1.73415114888752	-0.24930264837214	1.34504023267854	-0.38036639246896	0.702771834008707	""	0.0112275716433079	-0.815317328376855	0.619943963462642	0.783615933050218	-0.339756169577331	0.0152302779958875	1.47788006294794	-1.17017876729073	0.0218644632268531	1.34997084945088
"123"	"LT"	"4"	"LT4a06E"	"Early"	"LT-4a"	"LT-4-6A-6-E"	"4a"	"6"	-0.378238798097564	"clear"	0.422718731808118	0.456942649225103	0.977829435367368	-0.24930264837214	0.991331079077734	-0.635806572091346	-0.695650240112718	"folded mouth"	0.0112275716433079	-0.815317328376855	0.619943963462642	-0.572642412613621	-0.901758856096226	1.55767806662551	0.113801914377465	NA	0.0218644632268531	1.34997084945088
"124"	"LT"	"4"	"LT4a07E"	"Early"	"LT-4a"	"LT-4-6A-7-E"	"4a"	"7"	-0.378238798097564	"clear"	-1.05542355543586	-0.121605705035712	-0.111273832101652	-0.24930264837214	0.107058195075716	-0.635806572091346	-1.21358434163917	"broken mouth"	0.0112275716433079	-0.815317328376855	0.619943963462642	-0.572642412613621	-0.901758856096226	1.55767806662564	-1.57645817905624	0.27330194390096	0.0218644632268531	1.34997084945088
"125"	"LT"	"4"	"LT4a08L"	"Late"	"LT-4a"	"LT-4-6A-8-L"	"4a"	"8"	1.9184673763089	"cloudy"	1.14181497965654	-0.121605705035712	1.34086385785704	-0.24930264837214	1.25661294427834	-0.635806572091346	1.01353229492458	""	0.0112275716433079	-0.815317328376855	0.619943963462642	0.783615933050218	-0.44193847621713	0.0444525164949788	-0.543596354663802	-0.121415420469467	0.0218644632268531	1.34997084945088
"126"	"LT"	"4"	"LT4a09E"	"Early"	"LT-4a"	"LT-4-6A-9-E"	"4a"	"9"	2.49264391991052	"brown"	1.98076060214637	-0.121605705035712	0.584542144336888	-0.24930264837214	0.991331079077734	2.1740354037549	1.61778874670544	""	0.0112275716433079	-0.815317328376855	0.619943963462642	-0.572642412613621	-0.544120782856929	0.277053620333527	1.17169105633181	-1.04840259580257	0.0218644632268531	1.34997084945088
"127"	"LT"	"4"	"LT4a10E"	"Early"	"LT-4a"	"LT-4-6A-10-E"	"4a"	"10"	2.83714984607148	"clear"	0.822216647279465	-0.700154059296527	0.49378353871447	-0.24930264837214	1.07975836747794	0.130513966775813	0.305689022838426	""	0.0112275716433079	-0.815317328376855	0.619943963462642	-0.572642412613621	-0.748485396136527	0.798810862413998	0.151781758131988	0.337403913712033	0.0218644632268531	1.34997084945088
"128"	"LT"	"4"	"LT4a12L"	"Late"	"LT-4a"	"LT-4-6A-12-L"	"4a"	"12"	1.9184673763089	"brown"	1.46141331203362	-0.121605705035712	0.463530670173664	-0.24930264837214	1.78717667467955	-0.508086482280153	0.720036304059589	"broken mouth"	0.0112275716433079	-0.815317328376855	0.619943963462642	0.783615933050218	-0.799576549456427	1.06848465507889	0.523776603810162	0.121260273781918	0.0218644632268531	1.34997084945088
"129"	"LV"	"1"	"LV1a01L"	"Late"	"LV-1a"	"LV-1-3-1-L"	"1a"	"1"	0.195937745504051	"clear"	1.06191539656227	-0.121605705035712	0.977829435367368	1.19377324288043	0.81447650227733	0.641394326020586	1.13438358528075	""	-0.681713771779622	1.17857705715856	-0.166605471149706	0.934311304790645	-0.544120782856929	0.206731460920628	-1.52733713056954	-0.664310494257066	1.08688763162247	-1.08602924854714
"130"	"LV"	"1"	"LV1a02E"	"Early"	"LV-1a"	"LV-1-3-2-E"	"1a"	"2"	-0.378238798097564	"clear"	-0.576026056870248	-0.121605705035712	-0.837342677081	1.19377324288043	-0.954069265726705	-0.635806572091346	-0.281302958891555	""	-0.681713771779622	1.17857705715856	-0.166605471149706	-1.32611927131575	-0.748485396136527	0.634513979720623	-1.51812684722485	-0.512975814369029	1.08688763162247	-1.08602924854714
"131"	"LV"	"1"	"LV1a03L"	"Late"	"LV-1a"	"LV-1-3-3-L"	"1a"	"3"	3.06682046351213	"clear"	0.822216647279465	-1.27870241355734	0.614795012877695	1.19377324288043	0.28391277187612	0.130513966775813	0.909945474619288	""	-0.681713771779622	1.17857705715856	-0.166605471149706	0.934311304790645	0.273337670261462	-0.951082484283621	-1.64023211807177	-1.22159378707909	1.08688763162247	-1.08602924854714
"132"	"LV"	"1"	"LV1a04E"	"Early"	"LV-1a"	"LV-1-3-4-E"	"1a"	"4"	0.0811024367837283	"clear"	-0.136578349851767	-0.121605705035712	-0.0205152264792343	1.19377324288043	-0.600360112125898	-0.124926212846573	-0.177716138586265	""	-0.681713771779622	1.17857705715856	-0.166605471149706	-1.32611927131575	-0.49302962953703	0.22232091868162	-0.791670340875898	-0.410030910064591	1.08688763162247	-1.08602924854714
"133"	"LV"	"1"	"LV1a06L"	"Late"	"LV-1a"	"LV-1-3-6-L"	"1a"	"6"	1.9184673763089	"clear"	1.54131289512789	-0.121605705035712	1.43162246347946	1.19377324288043	0.726049213877129	0.513674236209393	1.60052427665456	""	-0.681713771779622	1.17857705715856	-0.166605471149706	0.934311304790645	-0.390847322897231	1.53306314768269	-1.43568644474017	-0.613073193085084	1.08688763162247	-1.08602924854714
"134"	"LV"	"1"	"LV1a09L"	"Late"	"LV-1a"	"LV-1-3-9-L"	"1a"	"9"	1.9184673763089	"clear"	-0.456176682228844	-0.121605705035712	0.372772064551246	1.19377324288043	-0.423505535325494	-0.508086482280153	-0.0223359081283284	""	-0.681713771779622	1.17857705715856	-0.166605471149706	0.934311304790645	0.171155363621663	-0.834253615452557	-1.13899730224844	-0.928130072664631	1.08688763162247	-1.08602924854714
"135"	"LV"	"1"	"LV1a10E"	"Early"	"LV-1a"	"LV-1-3-10-E"	"1a"	"10"	-0.378238798097564	"clear"	-0.975523972341594	-1.27870241355734	-0.958354151244224	1.19377324288043	-1.30777841932751	-1.14668693133612	-1.38622904214799	""	-0.681713771779622	1.17857705715856	-0.166605471149706	-1.32611927131575	-0.49302962953703	0.141437894668616	-1.18427525304438	-0.7023055716001	1.08688763162247	-1.08602924854714
"136"	"LV"	"1"	"LV1a16E"	"Early"	"LV-1a"	"LV-1-3-16-E"	"1a"	"16"	0.770114289105667	"clear"	-0.216477932946036	-1.27870241355734	0.191254853306408	1.19377324288043	-0.511932823725696	-0.763526661902539	-0.264038488840674	""	-0.681713771779622	1.17857705715856	-0.166605471149706	-1.32611927131575	-0.237573862937533	-0.20519218794458	-1.71545233475092	-0.665189881645154	1.08688763162247	-1.08602924854714
"137"	"LV"	"2"	"LV2b01L"	"Late"	"LV-2b"	"LV-2-7-1-L"	"2b"	"1"	0.195937745504051	"clear"	-0.895624389247325	-0.700154059296527	-0.565066860213744	0.78892535421606	-0.777214688926302	-1.4021271109585	-0.393522014222287	""	-0.681713771779622	1.17884872221971	-0.166605471149706	0.934311304790645	-0.339756169577331	-0.0239117353519341	-1.07073726814011	-0.628667058715189	1.51692752163353	-1.71218211415081
"138"	"LV"	"2"	"LV2b02E"	"Early"	"LV-2b"	"LV-2-7-2-E"	"2b"	"2"	-0.722744724258534	"clear"	-1.33507209626581	-0.700154059296527	-1.3516414422747	0.78892535421606	-1.57306028452812	-1.91300747020328	-1.81784079342003	""	-0.681713771779622	1.17884872221971	-0.166605471149706	-1.32611927131575	-0.49302962953703	0.300134750093775	-0.419524982845113	-1.01146998871271	1.51692752163353	-1.71218211415081
"139"	"LV"	"2"	"LV2b03L"	"Late"	"LV-2b"	"LV-2-7-3-L"	"2b"	"3"	1.9184673763089	"clear"	-0.456176682228844	-1.27870241355734	0.0702433791431843	0.78892535421606	-0.0697963817246876	-0.508086482280153	-0.557534479705664	""	-0.681713771779622	1.17884872221971	-0.166605471149706	0.934311304790645	0.835340356780357	-1.33812437104481	-1.00503018937602	-0.938597592017402	1.51692752163353	-1.71218211415081
"140"	"LV"	"2"	"LV2b04L"	"Late"	"LV-2b"	"LV-2-7-4-L"	"2b"	"4"	0.655278980385344	"clear"	0.222969774072445	-1.27870241355734	1.28035812077543	0.78892535421606	0.372340060276321	-0.124926212846573	0.392011373092834	""	-0.681713771779622	1.17884872221971	-0.166605471149706	0.934311304790645	-0.288665016257432	0.0271222972695817	-1.02367071973507	-1.37657507443318	1.51692752163353	-1.71218211415081
"141"	"LV"	"2"	"LV2b05E"	"Early"	"LV-2b"	"LV-2-7-5-E"	"2b"	"5"	-0.607909415538211	"clear"	-1.01547376388873	-0.700154059296527	-1.23062996811148	0.78892535421606	-1.39620570772771	-0.891246751713732	-1.38622904214799	""	-0.681713771779622	1.17884872221971	-0.166605471149706	-1.32611927131575	-0.901758856096226	1.5576780666228	-1.27845189343327	-1.1342522265143	1.51692752163353	-1.71218211415081
"142"	"LV"	"2"	"LV2b07L"	"Late"	"LV-2b"	"LV-2-7-7-L"	"2b"	"7"	1.34429083270728	"brown"	0.103120399431041	-0.121605705035712	0.0702433791431843	0.78892535421606	-0.0697963817246876	-0.124926212846573	0.633713953805179	""	-0.681713771779622	1.17884872221971	-0.166605471149706	0.934311304790645	1.49952534993905	-1.84331305068655	-0.849072958875684	-0.953395125727013	1.51692752163353	-1.71218211415081
"143"	"LV"	"2"	"LV2b09E"	"Early"	"LV-2b"	"LV-2-7-9-E"	"2b"	"9"	-0.607909415538211	"clear"	-1.2152227216244	-0.121605705035712	-1.01885988832584	0.78892535421606	-1.57306028452812	-1.65756729058089	-2.6120064157606	""	-0.681713771779622	1.17884872221971	-0.166605471149706	-1.32611927131575	-0.901758856096226	1.55767806662552	-0.820541343079248	-0.702250347494705	1.51692752163353	-1.71218211415081
"144"	"LV"	"2"	"LV2b10E"	"Early"	"LV-2b"	"LV-2-7-10-E"	"2b"	"10"	-0.607909415538211	"clear"	-1.29512230471867	-0.121605705035712	-1.65417012768277	0.78892535421606	-1.74991486132852	-1.65756729058089	-1.45528692235152	""	-0.681713771779622	1.17884872221971	-0.166605471149706	-1.32611927131575	-0.901758856096226	1.55767806662433	-0.837150439383097	-1.07074396465102	1.51692752163353	-1.71218211415081
"145"	"LV"	"3"	"LV3a16L"	"Late"	"LV-3a"	"LV-3-12-16-L"	"3a"	"16"	-1.0672506504195	"clear"	-1.25517251317154	-0.121605705035712	-1.17012423102987	1.50554680538202	-1.57306028452812	-1.78528738039208	-1.86963420357268	""	-0.681713771779622	1.17896555756043	-0.166605471149706	0.934311304790645	-0.646303089496728	1.4244222744632	-0.690789396896044	-1.69342751892992	1.49401085035107	-1.51423512328633
"146"	"LV"	"3"	"LV3b01L"	"Late"	"LV-3b"	"LV-3-11-1-L"	"3b"	"1"	-0.837580032978857	"clear"	-0.93557418079446	-0.121605705035712	-0.232285306264877	1.52131349451342	-1.13092384252711	-1.4021271109585	-0.989146230977709	""	-0.681713771779622	1.17894955897335	-0.166605471149706	0.934311304790645	-0.288665016257432	0.944049820592737	-1.00072928319858	-0.181204074637961	1.49401085035107	-1.51423512328633
"147"	"LV"	"3"	"LV3b02E"	"Early"	"LV-3b"	"LV-3-11-2-E"	"3b"	"2"	-0.607909415538211	"clear"	-1.01547376388873	-0.121605705035712	-0.928101282703418	1.52131349451342	-1.57306028452812	-1.5298472007697	-1.45528692235152	""	-0.681713771779622	1.17894955897335	-0.166605471149706	-1.32611927131575	-0.49302962953703	1.08314430787792	-1.15611875413267	-0.554327659006468	1.49401085035107	-1.51423512328633
"148"	"LV"	"3"	"LV3b03E"	"Early"	"LV-3b"	"LV-3-11-3-E"	"3b"	"3"	-1.0672506504195	"clear"	-1.33507209626581	-0.700154059296527	-1.68442299622357	1.52131349451342	-1.74991486132852	-1.91300747020328	-1.80057632336915	""	-0.681713771779622	1.17894955897335	-0.166605471149706	-1.32611927131575	-0.237573862937533	2.22669789261194	0.363877808700006	-0.464185862757083	1.49401085035107	-1.51423512328633
"149"	"LV"	"3"	"LV3b04E"	"Early"	"LV-3b"	"LV-3-11-4-E"	"3b"	"4"	-1.18208595913983	"clear"	-1.37502188781294	-0.121605705035712	-1.59366439060115	1.52131349451342	-1.92676943812892	-2.16844764982566	-1.99048549392885	""	-0.681713771779622	1.17894955897335	-0.166605471149706	-1.32611927131575	-0.49302962953703	2.1951803935433	0.332235494828893	-1.24074253034651	1.49401085035107	-1.51423512328633
"150"	"LV"	"3"	"LV3b05L"	"Late"	"LV-3b"	"LV-3-11-5-L"	"3b"	"5"	-1.0672506504195	"clear"	-1.095373346983	-0.121605705035712	-0.716331202917775	1.52131349451342	-1.21935113092731	-1.27440702114731	-1.57613821270769	""	-0.681713771779622	1.17894955897335	-0.166605471149706	0.934311304790645	-0.697394242816628	1.37861520375542	-0.704915107611859	-0.988006216732273	1.49401085035107	-1.51423512328633
"151"	"LV"	"3"	"LV3b06L"	"Late"	"LV-3b"	"LV-3-11-6-L"	"3b"	"6"	-1.0672506504195	"clear"	-1.17527293007727	-0.121605705035712	-0.746584071458581	1.52131349451342	-1.57306028452812	-1.65756729058089	-1.52434480255504	""	-0.681713771779622	1.17894955897335	-0.166605471149706	0.934311304790645	-0.799576549456427	1.44174577524051	-0.914314414096513	-1.29883622189674	1.49401085035107	-1.51423512328633
"152"	"LV"	"3"	"LV3b07E"	"Early"	"LV-3b"	"LV-3-11-7-E"	"3b"	"7"	-0.378238798097564	"clear"	-0.775775014605921	-0.121605705035712	-0.504561123132132	1.52131349451342	-1.13092384252711	-1.14668693133612	-1.54160927260593	""	-0.681713771779622	1.17894955897335	-0.166605471149706	-1.32611927131575	-0.748485396136527	0.798810862413998	0.470777345246504	-1.07023864952421	1.49401085035107	-1.51423512328633
"153"	"LV"	"4"	"LV4b01E"	"Early"	"LV-4b"	"LV-4-15-1-E"	"4b"	"1"	-0.607909415538211	"clear"	-0.895624389247325	-0.121605705035712	-0.958354151244224	0.627076617039237	-0.600360112125898	-0.38036639246896	-1.04093964113035	""	-0.681713771779622	1.17917946246407	-0.166605471149706	-1.32611927131575	-0.646303089496728	0.702099356956404	0.269383396320536	-1.23716708749119	1.4785860990447	-0.767157178762201
"154"	"LV"	"4"	"LV4b02L"	"Late"	"LV-4b"	"LV-4-15-2-L"	"4b"	"2"	-0.607909415538211	"clear"	-1.05542355543586	-0.700154059296527	-0.565066860213744	0.627076617039237	-0.246650958525091	-1.65756729058089	-1.45528692235152	""	-0.681713771779622	1.17917946246407	-0.166605471149706	0.934311304790645	-0.237573862937533	-0.240189844450975	-0.0480661903892283	-0.865662431158224	1.4785860990447	-0.767157178762201
"155"	"LV"	"4"	"LV4b03L"	"Late"	"LV-4b"	"LV-4-15-3-L"	"4b"	"3"	0.195937745504051	"clear"	-0.975523972341594	-1.27870241355734	-0.44405538605052	0.627076617039237	-0.865641977326503	-1.65756729058089	-0.264038488840674	""	-0.681713771779622	1.17917946246407	-0.166605471149706	0.934311304790645	1.03970497005995	-1.47022307826264	-0.380844378610282	-1.19201734412797	1.4785860990447	-0.767157178762201
"156"	"LV"	"4"	"LV4b04L"	"Late"	"LV-4b"	"LV-4-15-4-L"	"4b"	"4"	0.195937745504051	"clear"	-0.85567459770019	-0.121605705035712	0.251760590388022	0.627076617039237	0.195485483475918	-1.5298472007697	-0.462579894425814	""	-0.681713771779622	1.17917946246407	-0.166605471149706	0.934311304790645	1.19297843001965	-1.17227864548532	-0.728800036378411	-0.594570521310483	1.4785860990447	-0.767157178762201
"157"	"LV"	"4"	"LV4b05E"	"Early"	"LV-4b"	"LV-4-15-5-E"	"4b"	"5"	-0.722744724258534	"clear"	-1.2152227216244	-1.27870241355734	-1.62391725914196	0.627076617039237	-1.13092384252711	-1.4021271109585	-1.73151844316563	""	-0.681713771779622	1.17917946246407	-0.166605471149706	-1.32611927131575	-0.44193847621713	0.176583399326108	0.235250769970243	-1.26054134459764	1.4785860990447	-0.767157178762201
"158"	"LV"	"4"	"LV4b06E"	"Early"	"LV-4b"	"LV-4-15-6-E"	"4b"	"6"	-0.607909415538211	"clear"	-1.25517251317154	-0.700154059296527	-1.71467586476438	0.627076617039237	-0.865641977326503	-1.65756729058089	-1.4725513924024	""	-0.681713771779622	1.17917946246407	-0.166605471149706	-1.32611927131575	-0.237573862937533	-0.321691154491844	-0.560839836656387	-1.17477306975901	1.4785860990447	-0.767157178762201
"159"	"LV"	"4"	"LV4b09E"	"Early"	"LV-4b"	"LV-4-15-9-E"	"4b"	"9"	-0.607909415538211	"clear"	-1.25517251317154	-1.27870241355734	-1.74492873330518	0.627076617039237	-1.04249655412691	-1.65756729058089	-1.74878291321651	""	-0.681713771779622	1.17917946246407	-0.166605471149706	-1.32611927131575	-0.390847322897231	0.224536533041851	-1.00199931743686	-0.880833165934932	1.4785860990447	-0.767157178762201
"160"	"LV"	"4"	"LV4b10L"	"Late"	"LV-4b"	"LV-4-15-10-L"	"4b"	"10"	-0.378238798097564	"clear"	-1.17527293007727	-0.700154059296527	-0.504561123132132	0.627076617039237	-0.511932823725696	-1.4021271109585	-1.64519609291122	"broken hood"	-0.681713771779622	1.17917946246407	-0.166605471149706	0.934311304790645	-0.697394242816628	0.445275967925325	-1.08911030046105	-1.3900955366367	1.4785860990447	-0.767157178762201
